{"cameraMode":{"drawMode":0,"name":"Shaded","section":"Shading Mode"},"sceneLighting":false,"audioPlay":false,"sceneViewState":{"showFog":false,"showMaterialUpdate":false,"showSkybox":false,"showFlares":false,"showImageEffects":false,"showParticleSystems":false},"in2DMode":false,"pivot":{"x":2.299142837524414,"y":-1.2704224586486817,"z":1.1732468605041505},"rotation":{"x":-0.013186621479690075,"y":-0.018601832911372186,"z":-0.0002451216569170356,"w":0.9997400045394898},"size":7.379781246185303,"orthographic":false}