{"cameraMode":{"drawMode":0,"name":"Shaded","section":"Shading Mode"},"sceneLighting":false,"audioPlay":false,"sceneViewState":{"showFog":false,"showMaterialUpdate":false,"showSkybox":false,"showFlares":false,"showImageEffects":false,"showParticleSystems":false},"in2DMode":false,"pivot":{"x":-0.730302095413208,"y":1.123609185218811,"z":1.538167953491211},"rotation":{"x":0.06920624524354935,"y":-0.037405431270599368,"z":0.0025969555135816337,"w":0.9968975186347961},"size":10.706472396850586,"orthographic":false}