{"cameraMode":{"drawMode":0,"name":"Shaded","section":"Shading Mode"},"sceneLighting":false,"audioPlay":false,"sceneViewState":{"showFog":false,"showMaterialUpdate":false,"showSkybox":false,"showFlares":false,"showImageEffects":false,"showParticleSystems":false},"in2DMode":false,"pivot":{"x":19.049999237060548,"y":2.9200000762939455,"z":-3.627595901489258},"rotation":{"x":0.0056882682256400589,"y":-0.08838719129562378,"z":0.0005052441847510636,"w":0.9960698485374451},"size":2.086254835128784,"orthographic":true}