{"cameraMode":{"drawMode":0,"name":"Shaded","section":"Shading Mode"},"sceneLighting":true,"audioPlay":false,"sceneViewState":{"showFog":false,"showMaterialUpdate":false,"showSkybox":false,"showFlares":false,"showImageEffects":false,"showParticleSystems":false},"in2DMode":false,"pivot":{"x":0.00016021728515625,"y":1.1629986763000489,"z":-0.0027411580085754396},"rotation":{"x":0.0312672033905983,"y":-0.43902039527893069,"z":0.015287455171346665,"w":0.8978031277656555},"size":3.5915884971618654,"orthographic":true}