{"cameraMode":{"drawMode":0,"name":"Shaded","section":"Shading Mode"},"sceneLighting":false,"audioPlay":false,"sceneViewState":{"showFog":false,"showMaterialUpdate":false,"showSkybox":false,"showFlares":false,"showImageEffects":false,"showParticleSystems":false},"in2DMode":false,"pivot":{"x":1.9695167541503907,"y":1.5007905960083008,"z":0.09478642791509628},"rotation":{"x":0.02278698980808258,"y":0.04377098008990288,"z":-0.0009992416016757489,"w":0.9987812638282776},"size":4.968272686004639,"orthographic":true}