{"cameraMode":{"drawMode":0,"name":"Shaded","section":"Shading Mode"},"sceneLighting":false,"audioPlay":false,"sceneViewState":{"showFog":false,"showMaterialUpdate":false,"showSkybox":false,"showFlares":false,"showImageEffects":false,"showParticleSystems":false},"in2DMode":false,"pivot":{"x":8.25,"y":1.5499999523162842,"z":-0.06000000238418579},"rotation":{"x":0.0056882682256400589,"y":-0.08838719129562378,"z":0.0005052441847510636,"w":0.9960698485374451},"size":2.086254835128784,"orthographic":true}