{"cameraMode":{"drawMode":0,"name":"Shaded","section":"Shading Mode"},"sceneLighting":false,"audioPlay":false,"sceneViewState":{"showFog":false,"showMaterialUpdate":false,"showSkybox":false,"showFlares":false,"showImageEffects":false,"showParticleSystems":false},"in2DMode":false,"pivot":{"x":1.7130465507507325,"y":-0.7565966248512268,"z":2.2465362548828127},"rotation":{"x":-0.003281372133642435,"y":0.06924024224281311,"z":0.00022803456522524357,"w":0.9975945949554443},"size":6.157886505126953,"orthographic":false}