{"cameraMode":{"drawMode":0,"name":"Shaded","section":"Shading Mode"},"sceneLighting":false,"audioPlay":false,"sceneViewState":{"showFog":false,"showMaterialUpdate":false,"showSkybox":false,"showFlares":false,"showImageEffects":false,"showParticleSystems":false},"in2DMode":false,"pivot":{"x":1.8299999237060547,"y":1.7699999809265137,"z":2.2799999713897707},"rotation":{"x":0.13444864749908448,"y":-0.5707579851150513,"z":0.09539741277694702,"w":0.8043993711471558},"size":327.58148193359377,"orthographic":true}