{"cameraMode":{"drawMode":0,"name":"Shaded","section":"Shading Mode"},"sceneLighting":false,"audioPlay":false,"sceneViewState":{"showFog":false,"showMaterialUpdate":false,"showSkybox":false,"showFlares":false,"showImageEffects":false,"showParticleSystems":false},"in2DMode":false,"pivot":{"x":12.273733139038086,"y":-1.3264944553375245,"z":3.2032957077026369},"rotation":{"x":0.08746568113565445,"y":0.5256569981575012,"z":-0.05444662645459175,"w":0.8444347381591797},"size":11.494527816772461,"orthographic":false}