{"cameraMode":{"drawMode":0,"name":"Shaded","section":"Shading Mode"},"sceneLighting":false,"audioPlay":false,"sceneViewState":{"showFog":false,"showMaterialUpdate":false,"showSkybox":false,"showFlares":false,"showImageEffects":false,"showParticleSystems":false},"in2DMode":false,"pivot":{"x":0.9497771263122559,"y":2.646713972091675,"z":-0.30013561248779299},"rotation":{"x":-0.015416574664413929,"y":0.4901900291442871,"z":0.008672254160046578,"w":0.8714361190795898},"size":2.8578851222991945,"orthographic":false}