{"cameraMode":{"drawMode":0,"name":"Shaded","section":"Shading Mode"},"sceneLighting":false,"audioPlay":false,"sceneViewState":{"showFog":false,"showMaterialUpdate":false,"showSkybox":false,"showFlares":false,"showImageEffects":false,"showParticleSystems":false},"in2DMode":false,"pivot":{"x":128.8000030517578,"y":96.5999984741211,"z":0.0},"rotation":{"x":-0.08805819600820542,"y":0.019120415672659875,"z":0.0016887470846995712,"w":0.9959303736686707},"size":268.6005554199219,"orthographic":true}