{"cameraMode":{"drawMode":0,"name":"Shaded","section":"Shading Mode"},"sceneLighting":false,"audioPlay":false,"sceneViewState":{"showFog":false,"showMaterialUpdate":false,"showSkybox":false,"showFlares":false,"showImageEffects":false,"showParticleSystems":false},"in2DMode":false,"pivot":{"x":2.1492881774902345,"y":2.9451065063476564,"z":0.3709871768951416},"rotation":{"x":-0.06050010398030281,"y":0.560160219669342,"z":0.04107130691409111,"w":0.8251505494117737},"size":2.8578851222991945,"orthographic":false}