{"cameraMode":{"drawMode":0,"name":"Shaded","section":"Shading Mode"},"sceneLighting":false,"audioPlay":false,"sceneViewState":{"showFog":false,"showMaterialUpdate":false,"showSkybox":false,"showFlares":false,"showImageEffects":false,"showParticleSystems":false},"in2DMode":false,"pivot":{"x":5.043091297149658,"y":3.3683457374572756,"z":-0.14809785783290864},"rotation":{"x":0.02210538275539875,"y":0.4158353805541992,"z":-0.010110928677022457,"w":0.9091150164604187},"size":11.215797424316407,"orthographic":false}