{"cameraMode":{"drawMode":0,"name":"Shaded","section":"Shading Mode"},"sceneLighting":false,"audioPlay":false,"sceneViewState":{"showFog":false,"showMaterialUpdate":false,"showSkybox":false,"showFlares":false,"showImageEffects":false,"showParticleSystems":false},"in2DMode":false,"pivot":{"x":3.111999988555908,"y":1.6649999618530274,"z":0.06999999284744263},"rotation":{"x":-0.0005469073657877743,"y":-0.9994513392448425,"z":0.02430218830704689,"w":-0.022498844191432},"size":2.347905397415161,"orthographic":true}